Businesss Category,Average Rating,Minimum,Q1,Median,Q3,Maximum
Restaurants,4.166666666666667,3,4.0,4.0,4.5,5
Bars,3.6666666666666665,2.5,3.5,3.5,4.0,5
Nightlife,3.840909090909091,2,3.5,4.0,4.5,5
Active,4.778688524590164,4,4.5,5.0,5.0,5
Fitness,4.5,1.5,4.125,5.0,5.0,5
Shopping,4.016949152542373,2,3.5,4.0,4.5,5
Arts,4.613207547169812,2,4.5,5.0,5.0,5
